gaelic_word,english_usage,s3_url

tonn(masc.),;wave;tilde (~in typography),http://s3-eu-west-1.amazonaws.com/lg-dic/32377.mp3
farsaing,wide,http://s3-eu-west-1.amazonaws.com/lg-dic/28711.mp3
saoghal(masc.),;world;life,http://s3-eu-west-1.amazonaws.com/lg-dic/18543.mp3
fuaimreag(fem.),vowel,http://s3-eu-west-1.amazonaws.com/lg-dic/28946.mp3
sinn (sinne),we, us (first person plural),http://s3-eu-west-1.amazonaws.com/lg-dic/19304.mp3
ciad-bhean(fem.),wife,None
cuir laptop às a' chunntas,write off a laptop,http://s3-eu-west-1.amazonaws.com/lg-dic/8319.mp3
gille-frithealaidh(masc.),;waitor;page,None
fann,weak,http://s3-eu-west-1.amazonaws.com/lg-dic/31773.mp3
buannaich an taigh-beag,;win the toilet;reach the toilet,http://s3-eu-west-1.amazonaws.com/lg-dic/4624.mp3
slat(fem.),;long stick, rod;yard (measure),http://s3-eu-west-1.amazonaws.com/lg-dic/19443.mp3
ruith-chuip(fem.),wake (of a boat),http://s3-eu-west-1.amazonaws.com/lg-dic/57381.mp3
suas,up, upwards (motion away from the speaker),http://s3-eu-west-1.amazonaws.com/lg-dic/19990.mp3
teirig,;wear out, run out, cease to work, be exhausted;die (euphemism),http://s3-eu-west-1.amazonaws.com/lg-dic/20467.mp3
gaoth(fem.),;wind;(withdef. art.) flatulence,http://s3-eu-west-1.amazonaws.com/lg-dic/12261.mp3
bliadhna(fem.),;year;vintage,http://s3-eu-west-1.amazonaws.com/lg-dic/29547.mp3
coisich,;walk, go on foot;walkies,http://s3-eu-west-1.amazonaws.com/lg-dic/7545.mp3
banais(fem.),wedding, nuptials,http://s3-eu-west-1.amazonaws.com/lg-dic/30193.mp3
uinneag(fem.),window,http://s3-eu-west-1.amazonaws.com/lg-dic/11.mp3
buidhe,;yellow;fortunate, lucky;glad, grateful,http://s3-eu-west-1.amazonaws.com/lg-dic/4643.mp3
balla(masc.),wall,http://s3-eu-west-1.amazonaws.com/lg-dic/3171.mp3
Diciadain (DiC)(masc.),Wednesday (Wed),http://s3-eu-west-1.amazonaws.com/lg-dic/9818.mp3
fìon(masc.),wine,http://s3-eu-west-1.amazonaws.com/lg-dic/11491.mp3
seadh!,yes, uh huh,http://s3-eu-west-1.amazonaws.com/lg-dic/18648.mp3
cogadh(masc.),;war;warfare,http://s3-eu-west-1.amazonaws.com/lg-dic/31236.mp3
seachdain(fem.),week,http://s3-eu-west-1.amazonaws.com/lg-dic/18636.mp3
sgiath(fem.),;wing (also in architecture);fin;shield,http://s3-eu-west-1.amazonaws.com/lg-dic/19006.mp3
sibh (sibhse),you(se) (;ndperson plural; plus emphatic form),http://s3-eu-west-1.amazonaws.com/lg-dic/19242.mp3
blàth,;warm (temperature);affectionate, tender, warm,http://s3-eu-west-1.amazonaws.com/lg-dic/4093.mp3
cudam(masc.),weight,http://s3-eu-west-1.amazonaws.com/lg-dic/51123.mp3
geamhradh(masc.),winter,http://s3-eu-west-1.amazonaws.com/lg-dic/12380.mp3
òg,young, youthful,http://s3-eu-west-1.amazonaws.com/lg-dic/16647.mp3
bùrn-luaidh(masc.),wash (stale urine in waulking),http://s3-eu-west-1.amazonaws.com/lg-dic/49683.mp3
siar,west(ern),http://s3-eu-west-1.amazonaws.com/lg-dic/32230.mp3
bean(fem.),;woman;wife,http://s3-eu-west-1.amazonaws.com/lg-dic/3399.mp3
rus(masc.),rice (oryza sativa),http://s3-eu-west-1.amazonaws.com/lg-dic/27608.mp3
sia(masc.),six (used if followed by a noun),http://s3-eu-west-1.amazonaws.com/lg-dic/19217.mp3
tì(fem.),tea,http://s3-eu-west-1.amazonaws.com/lg-dic/21961.mp3
pantaichean(masc.),pants (plural only),http://s3-eu-west-1.amazonaws.com/lg-dic/2935.mp3
talamh mèith,rich soil,http://s3-eu-west-1.amazonaws.com/lg-dic/49793.mp3
sia deugamh,sixteenth,http://s3-eu-west-1.amazonaws.com/lg-dic/27958.mp3
teagaisg,teach, instruct,http://s3-eu-west-1.amazonaws.com/lg-dic/32347.mp3
pàipear(masc.),paper,http://s3-eu-west-1.amazonaws.com/lg-dic/16859.mp3
cead(masc.),;right;approval, permission;dispensation, permit;farewell, leave(-taking);concession,http://s3-eu-west-1.amazonaws.com/lg-dic/5356.mp3
seasgad(masc.),sixty (;0),http://s3-eu-west-1.amazonaws.com/lg-dic/31389.mp3
neach-teagaisg(masc.),;teacher;(inpl.) teaching staff,http://s3-eu-west-1.amazonaws.com/lg-dic/33980.mp3
pàrant(masc.),parent,http://s3-eu-west-1.amazonaws.com/lg-dic/30760.mp3
fàinnte(fem.),ring,None
craiceann(masc.),;skin;parchment,http://s3-eu-west-1.amazonaws.com/lg-dic/7908.mp3
sgioba(masc.),team,http://s3-eu-west-1.amazonaws.com/lg-dic/19018.mp3
Pàirc Bhrù,Park Brue (W Isls),http://s3-eu-west-1.amazonaws.com/lg-dic/43445.mp3
abhainn(fem.),river, stream,http://s3-eu-west-1.amazonaws.com/lg-dic/28.mp3
sgiort(fem.),skirt (garment and in general),http://s3-eu-west-1.amazonaws.com/lg-dic/19027.mp3
spìon,;tear away;pluck,http://s3-eu-west-1.amazonaws.com/lg-dic/32292.mp3
pas(masc.),;pass (movement, also in sports);pass(port),http://s3-eu-west-1.amazonaws.com/lg-dic/35735.mp3
mullach(masc.),;roof;peak, summit, top,http://s3-eu-west-1.amazonaws.com/lg-dic/15988.mp3
speur(masc.),;sky;heaven(s);fly (of trousers),http://s3-eu-west-1.amazonaws.com/lg-dic/19713.mp3
teicneolas(masc.),technology,http://s3-eu-west-1.amazonaws.com/lg-dic/20456.mp3
foighidneach,patient,http://s3-eu-west-1.amazonaws.com/lg-dic/11676.mp3
seòmar(masc.),;room;chamber,None
tè(fem.),;a, one (of grammatically or biologically feminine entities);female, woman,http://s3-eu-west-1.amazonaws.com/lg-dic/20383.mp3
cadal(masc.),sleep,http://s3-eu-west-1.amazonaws.com/lg-dic/4788.mp3
co-labhairt fòn,;telephone conferencing;telephone conference,None
pàtaran(masc.),pattern,http://s3-eu-west-1.amazonaws.com/lg-dic/52644.mp3
reumh(masc.),root,http://s3-eu-west-1.amazonaws.com/lg-dic/52246.mp3
mall,slow,http://s3-eu-west-1.amazonaws.com/lg-dic/31956.mp3
telebhisean (tbh)(masc.),television (tv),http://s3-eu-west-1.amazonaws.com/lg-dic/20485.mp3
dìol,;pay, reward;avenge;compensate;empty, drain,http://s3-eu-west-1.amazonaws.com/lg-dic/9856.mp3
ruith gun chairt,run without a chart,None
ruc(masc.),;rick;small peat stack,http://s3-eu-west-1.amazonaws.com/lg-dic/44044.mp3
teothachd(fem.),temperature,http://s3-eu-west-1.amazonaws.com/lg-dic/28452.mp3
sìth(fem.),peace,http://s3-eu-west-1.amazonaws.com/lg-dic/31381.mp3
dubhach,sad,http://s3-eu-west-1.amazonaws.com/lg-dic/31713.mp3
fairich fàileadh,smell a smell,http://s3-eu-west-1.amazonaws.com/lg-dic/11056.mp3
deich(masc.),ten (;0) (eleven/twelve used(h)euge.g.aon deug),http://s3-eu-west-1.amazonaws.com/lg-dic/9652.mp3
peann(masc.),pen (writing implement),http://s3-eu-west-1.amazonaws.com/lg-dic/16944.mp3
sàl(masc.),;salt water;seawater,http://s3-eu-west-1.amazonaws.com/lg-dic/32153.mp3
smig(fem.),smile,None
tèatar(masc.),theatre,http://s3-eu-west-1.amazonaws.com/lg-dic/33601.mp3
peansail(masc.),pencil,http://s3-eu-west-1.amazonaws.com/lg-dic/29270.mp3
gaineach(fem.),sand,http://s3-eu-west-1.amazonaws.com/lg-dic/43037.mp3
sneachd(masc.),snow,http://s3-eu-west-1.amazonaws.com/lg-dic/19579.mp3
iad (iadsan),they, them (third person plural; plus emphatic form),http://s3-eu-west-1.amazonaws.com/lg-dic/13358.mp3
neach(masc.),person,http://s3-eu-west-1.amazonaws.com/lg-dic/32028.mp3
Disathairne (DiS)(masc.),Saturday,http://s3-eu-west-1.amazonaws.com/lg-dic/9902.mp3
siabann(masc.),;soap;(television) soap,http://s3-eu-west-1.amazonaws.com/lg-dic/19224.mp3
tiugh,;thick (not slender);thick (of liquid);fat, viscous (of paint);frequent (colloq.),http://s3-eu-west-1.amazonaws.com/lg-dic/22082.mp3
grian-dealbh(masc.),photograph,http://s3-eu-west-1.amazonaws.com/lg-dic/12959.mp3
sgoil(fem.),school,http://s3-eu-west-1.amazonaws.com/lg-dic/19066.mp3
maoth,;soft, tender;delicate;flaccid, pliable,http://s3-eu-west-1.amazonaws.com/lg-dic/29567.mp3
easach(fem.),thin water-gruel,http://s3-eu-west-1.amazonaws.com/lg-dic/4532.mp3
maide(masc.),;piece of wood, stick;rod,http://s3-eu-west-1.amazonaws.com/lg-dic/29399.mp3
saidheans(masc.),science,http://s3-eu-west-1.amazonaws.com/lg-dic/27753.mp3
clod(masc.),clod (person and lump of soil),http://s3-eu-west-1.amazonaws.com/lg-dic/49319.mp3
meòraich,think of something, consider, ponder,http://s3-eu-west-1.amazonaws.com/lg-dic/15540.mp3
calg(masc.),;pig bristle;beard of barley;needle (of a conifer);prickle,http://s3-eu-west-1.amazonaws.com/lg-dic/5004.mp3
sgàilean(masc.),;screen (in general);parasol,http://s3-eu-west-1.amazonaws.com/lg-dic/27765.mp3
saighdear(masc.),;soldier;(withdef. art.) Sagittarius (?);(pl.) game of soldiers (teams competing to knock off a row of stones by throwing stones),http://s3-eu-west-1.amazonaws.com/lg-dic/18460.mp3
trian(masc.),third (part),http://s3-eu-west-1.amazonaws.com/lg-dic/28528.mp3
pinc,pink,http://s3-eu-west-1.amazonaws.com/lg-dic/30720.mp3
fairge(fem.),;sea, ocean;(sea) swell, turbulence of the ocean,http://s3-eu-west-1.amazonaws.com/lg-dic/11051.mp3
mac(masc.),;son;offspring,http://s3-eu-west-1.amazonaws.com/lg-dic/7.mp3
tritheamh deug,a thirteenth,http://s3-eu-west-1.amazonaws.com/lg-dic/22411.mp3
locair,plane, smoothe with a plane,http://s3-eu-west-1.amazonaws.com/lg-dic/49466.mp3
seusan(masc.),season,http://s3-eu-west-1.amazonaws.com/lg-dic/26328.mp3
òran(masc.),song,http://s3-eu-west-1.amazonaws.com/lg-dic/16760.mp3
trithead(masc.),thirty (;0),http://s3-eu-west-1.amazonaws.com/lg-dic/31387.mp3
plannt(masc.),plant,http://s3-eu-west-1.amazonaws.com/lg-dic/44058.mp3
tànaiste(masc.),;second in command, vice-;second heir;regent, ta(i)nist;ring-finger;trustee;deputy prime minister of Ireland,http://s3-eu-west-1.amazonaws.com/lg-dic/34261.mp3
fuaim(fem.),sound,http://s3-eu-west-1.amazonaws.com/lg-dic/28059.mp3
mìle(fem.),;thousand;mile,http://s3-eu-west-1.amazonaws.com/lg-dic/28530.mp3
plastaig,plastic,http://s3-eu-west-1.amazonaws.com/lg-dic/27080.mp3
tànaiste(masc.),;second in command, vice-;second heir;regent, ta(i)nist;ring-finger;trustee;deputy prime minister of Ireland,http://s3-eu-west-1.amazonaws.com/lg-dic/34261.mp3
brot(masc.),broth, soup,http://s3-eu-west-1.amazonaws.com/lg-dic/4479.mp3
trì(masc.),three,http://s3-eu-west-1.amazonaws.com/lg-dic/22381.mp3
truinnsear(masc.),plate,http://s3-eu-west-1.amazonaws.com/lg-dic/22447.mp3
rùnaire(masc.),secretary (employee),http://s3-eu-west-1.amazonaws.com/lg-dic/27806.mp3
deas,;south;right (side);ready,http://s3-eu-west-1.amazonaws.com/lg-dic/9646.mp3
tilg ubhal air Calum,;throw an apple to Calum;throw an apple at Calum;throw an apple in front of Calum,http://s3-eu-west-1.amazonaws.com/lg-dic/21990.mp3
cluichd,play,http://s3-eu-west-1.amazonaws.com/lg-dic/51002.mp3
faic air fàire,see on the horizon,http://s3-eu-west-1.amazonaws.com/lg-dic/10919.mp3
spàs(masc.),space,http://s3-eu-west-1.amazonaws.com/lg-dic/29364.mp3
Diardaoin (Dia)(masc.),Thursday (Thu),http://s3-eu-west-1.amazonaws.com/lg-dic/9809.mp3
cluicheadair(masc.),;player;actor,http://s3-eu-west-1.amazonaws.com/lg-dic/30865.mp3
pòr(masc.),;seed;crop;progeny,http://s3-eu-west-1.amazonaws.com/lg-dic/27168.mp3
na,not (negative imperative e.g.na bruidhinndo not speak),http://s3-eu-west-1.amazonaws.com/lg-dic/53200.mp3
tiocaid(fem.),ticket,http://s3-eu-west-1.amazonaws.com/lg-dic/22040.mp3
pòca(masc.),pocket,http://s3-eu-west-1.amazonaws.com/lg-dic/39105.mp3
reic,sell, vend,http://s3-eu-west-1.amazonaws.com/lg-dic/17581.mp3
spàin(fem.),;spoon;blade (of an oar),http://s3-eu-west-1.amazonaws.com/lg-dic/19679.mp3
teann,;tight;tense;tight-fitting,http://s3-eu-west-1.amazonaws.com/lg-dic/20417.mp3
neimh(masc.),poison,http://s3-eu-west-1.amazonaws.com/lg-dic/39125.mp3
an t-Sultain (Sult)(fem.),September (Sept),http://s3-eu-west-1.amazonaws.com/lg-dic/2402.mp3
bac,;clog, hinder, impede, obstruct;ban, (de)bar, disallow;deter, detain, restrain;curb;foil, prevent, stop;inhibit, keep back, retard ; obstruct (in sports),http://s3-eu-west-1.amazonaws.com/lg-dic/30186.mp3
tìm(fem.),time,http://s3-eu-west-1.amazonaws.com/lg-dic/33563.mp3
poileas(masc.),;police;a policeman,http://s3-eu-west-1.amazonaws.com/lg-dic/17087.mp3
seachd(masc.),seven (used in counting if followed by a noun),http://s3-eu-west-1.amazonaws.com/lg-dic/18631.mp3
fuaran(masc.),;spring (in geology);fountain,http://s3-eu-west-1.amazonaws.com/lg-dic/11857.mp3
sàirich thu fhèin,tire yourself out,http://s3-eu-west-1.amazonaws.com/lg-dic/18477.mp3
tè(fem.),;a, one (of grammatically or biologically feminine entities);female, woman,http://s3-eu-west-1.amazonaws.com/lg-dic/20383.mp3
lub(masc.),pool,http://s3-eu-west-1.amazonaws.com/lg-dic/56337.mp3
seachdamh deug,a seventeenth,http://s3-eu-west-1.amazonaws.com/lg-dic/18639.mp3
ceàrnag(fem.),square,http://s3-eu-west-1.amazonaws.com/lg-dic/28163.mp3
fraochan(masc.),toe(cap),http://s3-eu-west-1.amazonaws.com/lg-dic/48174.mp3
bochd(masc.),;poor (person);(pl.) the poor,http://s3-eu-west-1.amazonaws.com/lg-dic/32803.mp3
seachdad(masc.),seventy (;0),http://s3-eu-west-1.amazonaws.com/lg-dic/31390.mp3
caim(fem.),stain, blot,http://s3-eu-west-1.amazonaws.com/lg-dic/53138.mp3
teanga(fem.),;tongue;tongue, speech,http://s3-eu-west-1.amazonaws.com/lg-dic/32350.mp3
muicfheoil(fem.),pork,http://s3-eu-west-1.amazonaws.com/lg-dic/27169.mp3
gnè(fem.),;sex, gender;genus;species,http://s3-eu-west-1.amazonaws.com/lg-dic/12771.mp3
air d' ais!,stand back,http://s3-eu-west-1.amazonaws.com/lg-dic/1208.mp3
ceàrdaichean innealan,tool works,http://s3-eu-west-1.amazonaws.com/lg-dic/52282.mp3
not(masc.),;pound, quid;note (in music),http://s3-eu-west-1.amazonaws.com/lg-dic/30781.mp3
gnè(fem.),;sex, gender;genus;species,http://s3-eu-west-1.amazonaws.com/lg-dic/12771.mp3
reult(fem.),star,http://s3-eu-west-1.amazonaws.com/lg-dic/39430.mp3
deud(masc.),;tooth;denture;ivory,http://s3-eu-west-1.amazonaws.com/lg-dic/42750.mp3
guidh ri Dia,pray to God,http://s3-eu-west-1.amazonaws.com/lg-dic/13120.mp3
crith,shake, shiver,http://s3-eu-west-1.amazonaws.com/lg-dic/31663.mp3
clach,stone, pelt with stones,http://s3-eu-west-1.amazonaws.com/lg-dic/6924.mp3
uachdar(masc.),;top, surface;upper part;cream,None
ceann-suidhe(masc.),president,http://s3-eu-west-1.amazonaws.com/lg-dic/27232.mp3
eu-domhain,shallow, superficial,http://s3-eu-west-1.amazonaws.com/lg-dic/10799.mp3
sguir,stop, cease,http://s3-eu-west-1.amazonaws.com/lg-dic/19180.mp3
blais deur,touch a drop (of liquor),http://s3-eu-west-1.amazonaws.com/lg-dic/4047.mp3
prìs(fem.),price,http://s3-eu-west-1.amazonaws.com/lg-dic/32110.mp3
i (ise),she, her (third person singular feminine, also used forit),http://s3-eu-west-1.amazonaws.com/lg-dic/13356.mp3
cuile(fem.),store-room, cellar,http://s3-eu-west-1.amazonaws.com/lg-dic/41758.mp3
baile(masc.),;town;township, village,http://s3-eu-west-1.amazonaws.com/lg-dic/3040.mp3
sagart(masc.),priest,http://s3-eu-west-1.amazonaws.com/lg-dic/18452.mp3
long(fem.),ship,http://s3-eu-west-1.amazonaws.com/lg-dic/14586.mp3
dìreach,;straight, direct;just (modifier);(adv) directly;(adv) just so;vertical,http://s3-eu-west-1.amazonaws.com/lg-dic/9884.mp3
trèan(fem.),train,http://s3-eu-west-1.amazonaws.com/lg-dic/28664.mp3
gainntir(fem.),;prison, place of confinement, gaol;cramped uncomfortable place,http://s3-eu-west-1.amazonaws.com/lg-dic/42481.mp3
lèine(fem.),;shirt;(pl.) strip (in sports),http://s3-eu-west-1.amazonaws.com/lg-dic/31196.mp3
sràid(fem.),street,http://s3-eu-west-1.amazonaws.com/lg-dic/19779.mp3
trèan(fem.),train,http://s3-eu-west-1.amazonaws.com/lg-dic/28664.mp3
stèisean(masc.),station (in transport and in general),http://s3-eu-west-1.amazonaws.com/lg-dic/28192.mp3
prògram(masc.),programme,http://s3-eu-west-1.amazonaws.com/lg-dic/27281.mp3
breaban(masc.),shoesole,http://s3-eu-west-1.amazonaws.com/lg-dic/30672.mp3
ailis(fem.),;strong reproach;insult,http://s3-eu-west-1.amazonaws.com/lg-dic/44318.mp3
giùlan(masc.),;carrying, bearing;posture;conduct, behaviour;transport(ing), transportation,http://s3-eu-west-1.amazonaws.com/lg-dic/12571.mp3
spiod,;pull, tug;hint,None
bachlag(fem.),;shoot, sprout;curl, ringlet;lisp,http://s3-eu-west-1.amazonaws.com/lg-dic/3002.mp3
oileanach(masc.),student,http://s3-eu-west-1.amazonaws.com/lg-dic/16701.mp3
craobh(fem.),;tree;tree (knitting pattern),http://s3-eu-west-1.amazonaws.com/lg-dic/7941.mp3
put,;push, shove;press,http://s3-eu-west-1.amazonaws.com/lg-dic/27233.mp3
goirid,short,http://s3-eu-west-1.amazonaws.com/lg-dic/12850.mp3
siùcar(masc.),;sugar;(pl.) sweets,http://s3-eu-west-1.amazonaws.com/lg-dic/19390.mp3
truca(fem.),truck,http://s3-eu-west-1.amazonaws.com/lg-dic/34416.mp3
bànrigh(fem.),queen,http://s3-eu-west-1.amazonaws.com/lg-dic/30231.mp3
goirid,short,http://s3-eu-west-1.amazonaws.com/lg-dic/12850.mp3
deise(fem.),suit (of clothes),http://s3-eu-west-1.amazonaws.com/lg-dic/9670.mp3
Dimàirt (DiM)(masc.),Tuesday,http://s3-eu-west-1.amazonaws.com/lg-dic/9836.mp3
ist!,quiet, shh, shush, silence, wheesht,http://s3-eu-west-1.amazonaws.com/lg-dic/43289.mp3
gualann(fem.),;shoulder;corner of a house;tack (nautical);brow (geography);shoulder (mutton),http://s3-eu-west-1.amazonaws.com/lg-dic/13105.mp3
samhradh(masc.),summer,http://s3-eu-west-1.amazonaws.com/lg-dic/18496.mp3
cuir dheth,;turn off;cancel;yield (crops),http://s3-eu-west-1.amazonaws.com/lg-dic/8568.mp3
rèis(fem.),race (in sports),http://s3-eu-west-1.amazonaws.com/lg-dic/17600.mp3
èisleanach,sick, infirm,None
grian(fem.),;sun;(with def. art.) the sun,http://s3-eu-west-1.amazonaws.com/lg-dic/12953.mp3
deich(masc.),ten (;0) (eleven/twelve used(h)euge.g.aon deug),http://s3-eu-west-1.amazonaws.com/lg-dic/9652.mp3
rèis(fem.),race (in sports),http://s3-eu-west-1.amazonaws.com/lg-dic/17600.mp3
slios(masc.),;side;flank,http://s3-eu-west-1.amazonaws.com/lg-dic/34053.mp3
Dòmhnach(masc.),Sunday,http://s3-eu-west-1.amazonaws.com/lg-dic/42267.mp3
fichead(masc.),;twenty (;0);score (i.e. ;0),http://s3-eu-west-1.amazonaws.com/lg-dic/31386.mp3
rèidio(masc.),radio,http://s3-eu-west-1.amazonaws.com/lg-dic/27406.mp3
soidhne(masc.),sign,http://s3-eu-west-1.amazonaws.com/lg-dic/27933.mp3
fallas(masc.),sweat,http://s3-eu-west-1.amazonaws.com/lg-dic/31771.mp3
fichead(masc.),;twenty (;0);score (i.e. ;0),http://s3-eu-west-1.amazonaws.com/lg-dic/31386.mp3
fearthainn(fem.),rain,http://s3-eu-west-1.amazonaws.com/lg-dic/44008.mp3
soidhne(masc.),sign,http://s3-eu-west-1.amazonaws.com/lg-dic/27933.mp3
falbh air an t-snàmh,swim off,http://s3-eu-west-1.amazonaws.com/lg-dic/11080.mp3
a dhà no trì,;two or three;a few,http://s3-eu-west-1.amazonaws.com/lg-dic/39564.mp3
dearg,;red (not of natural hair/fur colours);ruddy;flaming;red-hot,http://s3-eu-west-1.amazonaws.com/lg-dic/9623.mp3
airgeadaich,silver, silverplate, plate with silver,None
lèine-t(fem.),t-shirt,http://s3-eu-west-1.amazonaws.com/lg-dic/42072.mp3
grànna,ugly,http://s3-eu-west-1.amazonaws.com/lg-dic/54312.mp3
's iomadh duine laghach a mhill an creideamh,religion has corrupted many a good man,http://s3-eu-west-1.amazonaws.com/lg-dic/40610.mp3
gabh òran,sing a song,http://s3-eu-west-1.amazonaws.com/lg-dic/12053.mp3
bòrd(masc.),;table;deck;board, plank;board (organisation),http://s3-eu-west-1.amazonaws.com/lg-dic/29266.mp3
oilthigh(masc.),university,http://s3-eu-west-1.amazonaws.com/lg-dic/16702.mp3
neach-aithisg(masc.),reporter,None
piuthar(fem.),sister,http://s3-eu-west-1.amazonaws.com/lg-dic/17033.mp3
slatail,tall, stately, straight, upright,None
suas,up, upwards (motion away from the speaker),http://s3-eu-west-1.amazonaws.com/lg-dic/19990.mp3
taigh-bìdh(masc.),restaurant,http://s3-eu-west-1.amazonaws.com/lg-dic/42929.mp3
suidh,sit (down),http://s3-eu-west-1.amazonaws.com/lg-dic/20020.mp3
tuigse-bhòidheachd(fem.),taste,None
faire(fem.),watch(ing), guard(ing), vigil, outlook,http://s3-eu-west-1.amazonaws.com/lg-dic/11045.mp3
fliuch,;wet, watery;damp, moist;fluid, liquid,http://s3-eu-west-1.amazonaws.com/lg-dic/15.mp3
fiodh(masc.),;wood;timber,http://s3-eu-west-1.amazonaws.com/lg-dic/11487.mp3
ìobairteach(masc.),victim,http://s3-eu-west-1.amazonaws.com/lg-dic/13501.mp3
uisge(masc.),;water;(withdef. art.) rain,http://s3-eu-west-1.amazonaws.com/lg-dic/1.mp3
geal,white,http://s3-eu-west-1.amazonaws.com/lg-dic/12348.mp3
latha-obrach(masc.),work(ing) day,http://s3-eu-west-1.amazonaws.com/lg-dic/45167.mp3
guth(masc.),;voice (also in grammar);mention, word,http://s3-eu-west-1.amazonaws.com/lg-dic/13272.mp3
An Gearran (Gearr.)(masc.),February (Feb.),http://s3-eu-west-1.amazonaws.com/lg-dic/2157.mp3
falt(masc.),hair,http://s3-eu-west-1.amazonaws.com/lg-dic/29935.mp3
cidsin(masc.),kitchen,http://s3-eu-west-1.amazonaws.com/lg-dic/31206.mp3
muillean(masc.),million,None
biadh,;feed, nourish;bait,http://s3-eu-west-1.amazonaws.com/lg-dic/30276.mp3
leth(masc.),half,http://s3-eu-west-1.amazonaws.com/lg-dic/25574.mp3
glùn(fem.),;knee;generation;lap;joint (of a boat),http://s3-eu-west-1.amazonaws.com/lg-dic/29558.mp3
mionaid(fem.),minute,http://s3-eu-west-1.amazonaws.com/lg-dic/31992.mp3
boireann(masc.),female,http://s3-eu-west-1.amazonaws.com/lg-dic/58865.mp3
làmh(fem.),;hand;handle,http://s3-eu-west-1.amazonaws.com/lg-dic/13825.mp3
sgian(fem.),;knife;blade (of a peat-spade),None
measg,;mix;stir;mingle,http://s3-eu-west-1.amazonaws.com/lg-dic/45200.mp3
còigeamh deug,a fifteenth,http://s3-eu-west-1.amazonaws.com/lg-dic/7388.mp3
falbh air gàmarran,;hang about without aim or purpose;harum-scarum behaviour,http://s3-eu-west-1.amazonaws.com/lg-dic/11083.mp3
Loch Sheàd,Lake Chad,http://s3-eu-west-1.amazonaws.com/lg-dic/14534.mp3
Diluain (DiL)(masc.),Monday,http://s3-eu-west-1.amazonaws.com/lg-dic/9834.mp3
còigeamh(masc.),;fifth;an Irish Province (Connacht, Leinster, Meath, Munster, Ulster),http://s3-eu-west-1.amazonaws.com/lg-dic/25163.mp3
subhach,happy,http://s3-eu-west-1.amazonaws.com/lg-dic/32330.mp3
lampa(masc.),lamp,http://s3-eu-west-1.amazonaws.com/lg-dic/13836.mp3
airgead(masc.),;money, cash;silver;currency,http://s3-eu-west-1.amazonaws.com/lg-dic/1403.mp3
caogad(masc.),;fifty (;0);unit of ;0 men (in the military),http://s3-eu-west-1.amazonaws.com/lg-dic/31388.mp3
cruaidh,hard, tough,http://s3-eu-west-1.amazonaws.com/lg-dic/8145.mp3
mullach laptop,laptop lid,http://s3-eu-west-1.amazonaws.com/lg-dic/44716.mp3
mìos(masc.),month,http://s3-eu-west-1.amazonaws.com/lg-dic/15713.mp3
tabaid(fem.),fight, fray,http://s3-eu-west-1.amazonaws.com/lg-dic/34271.mp3
ad(fem.),hat,http://s3-eu-west-1.amazonaws.com/lg-dic/23017.mp3
gàire(fem.),;laugh;laughter,http://s3-eu-west-1.amazonaws.com/lg-dic/31822.mp3
gealach(fem.),;moon;(with def. art.) the moon,http://s3-eu-west-1.amazonaws.com/lg-dic/12349.mp3
faigh fàbhar,find favour,None
e (esan),he, him (third person singular masculine, also used forit),http://s3-eu-west-1.amazonaws.com/lg-dic/10436.mp3
neach-lagha(masc.),lawyer, solicitor,http://s3-eu-west-1.amazonaws.com/lg-dic/16400.mp3
maidinn(fem.),morning,http://s3-eu-west-1.amazonaws.com/lg-dic/33792.mp3
corrag-làimhe(fem.),finger,http://s3-eu-west-1.amazonaws.com/lg-dic/7836.mp3
ceann(masc.),;head;end;lid,http://s3-eu-west-1.amazonaws.com/lg-dic/5394.mp3
duilleag(fem.),;leaf;page, sheet;lobe,http://s3-eu-west-1.amazonaws.com/lg-dic/10227.mp3
màthair(fem.),;mother;origin, source,http://s3-eu-west-1.amazonaws.com/lg-dic/15462.mp3
teine(masc.),fire,http://s3-eu-west-1.amazonaws.com/lg-dic/20461.mp3
fallain,healthy,http://s3-eu-west-1.amazonaws.com/lg-dic/11100.mp3
ionnsaich air chluais,learn by ear,http://s3-eu-west-1.amazonaws.com/lg-dic/13604.mp3
beinn(fem.),;mountain, mount;high hill,http://s3-eu-west-1.amazonaws.com/lg-dic/3461.mp3
an toiseach,first, to begin with,http://s3-eu-west-1.amazonaws.com/lg-dic/2365.mp3
fairich fuaim,hear a sound,http://s3-eu-west-1.amazonaws.com/lg-dic/11057.mp3
clì,;left;left-handed;mistaken, wrong,http://s3-eu-west-1.amazonaws.com/lg-dic/7088.mp3
luch(fem.),mouse (muridae and cricetidae),http://s3-eu-west-1.amazonaws.com/lg-dic/14646.mp3
cairidh-iasgaich(fem.),fish(ing) weir,http://s3-eu-west-1.amazonaws.com/lg-dic/39676.mp3
cridhe(masc.),heart,http://s3-eu-west-1.amazonaws.com/lg-dic/31440.mp3
cos(fem.),;foot;leg;handle, shaft,http://s3-eu-west-1.amazonaws.com/lg-dic/53595.mp3
bus(masc.),;mouth;cheek;lip;muzzle, snout;grimace;pout, pouting lips,http://s3-eu-west-1.amazonaws.com/lg-dic/33056.mp3
cùig(masc.),five,http://s3-eu-west-1.amazonaws.com/lg-dic/53653.mp3
àin(fem.),;heat;light;fire,None
liomaid(fem.),lemon,http://s3-eu-west-1.amazonaws.com/lg-dic/38384.mp3
film oillteil,horror movie,None
rèidh,;flat, level;smooth;finished,http://s3-eu-west-1.amazonaws.com/lg-dic/32126.mp3
nèamh(masc.),heaven,http://s3-eu-west-1.amazonaws.com/lg-dic/16406.mp3
litir(fem.),;letter (in typography);letter;(pl.) correspondence,http://s3-eu-west-1.amazonaws.com/lg-dic/14419.mp3
murt(masc.),murder,http://s3-eu-west-1.amazonaws.com/lg-dic/32018.mp3
làr(masc.),floor,http://s3-eu-west-1.amazonaws.com/lg-dic/31899.mp3
trom,;heavy;weighty, ponderous;pregnant;deep, profound,http://s3-eu-west-1.amazonaws.com/lg-dic/25621.mp3
leabhar-lann(fem.),library,http://s3-eu-west-1.amazonaws.com/lg-dic/26129.mp3
ceòl(masc.),music,http://s3-eu-west-1.amazonaws.com/lg-dic/5588.mp3
flùr(masc.),;flower;flour,http://s3-eu-west-1.amazonaws.com/lg-dic/31802.mp3
iutharn(fem.),hell,http://s3-eu-west-1.amazonaws.com/lg-dic/25165.mp3
sìn,;lie at full length, stretch out;adjourn, put off;begin, start,http://s3-eu-west-1.amazonaws.com/lg-dic/19261.mp3
a-stàn,down(wards),http://s3-eu-west-1.amazonaws.com/lg-dic/51307.mp3
caolas(masc.),narrow(s), strait,http://s3-eu-west-1.amazonaws.com/lg-dic/5133.mp3
cuileag(fem.),;fly;fly (in fishing),http://s3-eu-west-1.amazonaws.com/lg-dic/8275.mp3
àrd,;high, lofty, tall;great;loud;chief, eminent, superior, supreme,http://s3-eu-west-1.amazonaws.com/lg-dic/2785.mp3
drochaid-togail(fem.),lift(ing) bridge,http://s3-eu-west-1.amazonaws.com/lg-dic/54250.mp3
nàdar(masc.),;nature;temperament,http://s3-eu-west-1.amazonaws.com/lg-dic/26579.mp3
lean,follow, pursue,http://s3-eu-west-1.amazonaws.com/lg-dic/14032.mp3
cnoc(masc.),;hill;small hill, hillock, knoll,http://s3-eu-west-1.amazonaws.com/lg-dic/7214.mp3
solast(masc.),light,None
muineal(masc.),neck,http://s3-eu-west-1.amazonaws.com/lg-dic/42030.mp3
lòn(masc.),;food, provisions, repast, sustenance, victual;lunch,http://s3-eu-west-1.amazonaws.com/lg-dic/31921.mp3
toll(masc.),;hole, perforation;any orifice;hole (earmark in sheep),http://s3-eu-west-1.amazonaws.com/lg-dic/22224.mp3
solast(masc.),light,None
snàthad(fem.),;needle;pointer (on a dial),http://s3-eu-west-1.amazonaws.com/lg-dic/19574.mp3
cas-cheum(masc.),foot(path), track,http://s3-eu-west-1.amazonaws.com/lg-dic/5308.mp3
eachlach(masc.),;horse groom;jockey,None
solast(masc.),light,None
tac(fem.),;holding, limited lease, tack;space;time;neighbourhood, vicinity,http://s3-eu-west-1.amazonaws.com/lg-dic/20113.mp3
cas-cheum(masc.),foot(path), track,http://s3-eu-west-1.amazonaws.com/lg-dic/5308.mp3
ospadal(masc.),hospital,http://s3-eu-west-1.amazonaws.com/lg-dic/16820.mp3
bile(fem.),;lip;brim, rim;blade (of vegetation);peak (of a cap),http://s3-eu-west-1.amazonaws.com/lg-dic/30278.mp3
lìon-cheangal(masc.),network,http://s3-eu-west-1.amazonaws.com/lg-dic/26610.mp3
mòr-choille(fem.),forest,http://s3-eu-west-1.amazonaws.com/lg-dic/25285.mp3
teth,hot,http://s3-eu-west-1.amazonaws.com/lg-dic/20487.mp3
bioraich do chluasan,;listen carefully/closely/attentively;p(r)ick up your ears,http://s3-eu-west-1.amazonaws.com/lg-dic/4010.mp3
ùr,;new;fresh,None
beannach(masc.),fork,None
taigh-òsta(masc.),hotel, hostelry,http://s3-eu-west-1.amazonaws.com/lg-dic/20214.mp3
suidheachadh(masc.),;location, position, situation;appointment;arrangement;establishment, installation;setting, posture;circumstance, context ; setup (in computing),http://s3-eu-west-1.amazonaws.com/lg-dic/26203.mp3
pàipear-naidheachd(masc.),newspaper,http://s3-eu-west-1.amazonaws.com/lg-dic/16866.mp3
ceathrad(masc.),forty (;0),http://s3-eu-west-1.amazonaws.com/lg-dic/31400.mp3
uair(fem.),;hour;time;o'clock,None
glas(fem.),;lock;fetter,http://s3-eu-west-1.amazonaws.com/lg-dic/12624.mp3
snog,nice,http://s3-eu-west-1.amazonaws.com/lg-dic/19582.mp3
ceithir(masc.),four (used in counting if followed by a noun),http://s3-eu-west-1.amazonaws.com/lg-dic/5576.mp3
taigh(masc.),house,http://s3-eu-west-1.amazonaws.com/lg-dic/6.mp3
fada,;long;far;lanky, tall,http://s3-eu-west-1.amazonaws.com/lg-dic/10860.mp3
oidhche(fem.),night,http://s3-eu-west-1.amazonaws.com/lg-dic/16658.mp3
ceathramh deug,a fourteenth,http://s3-eu-west-1.amazonaws.com/lg-dic/5583.mp3
daonna,human,http://s3-eu-west-1.amazonaws.com/lg-dic/9176.mp3
tuanaichte,loose, undone,http://s3-eu-west-1.amazonaws.com/lg-dic/39473.mp3
naoi(masc.),nine,http://s3-eu-west-1.amazonaws.com/lg-dic/16354.mp3
ceathramh(masc.),;fourth, quarter;quatrain;quarter, gigot, haunch (of mutton),http://s3-eu-west-1.amazonaws.com/lg-dic/5539.mp3
ceud(masc.),hundred,http://s3-eu-west-1.amazonaws.com/lg-dic/25725.mp3
caill do shuim,;lose track of time;get muddled, get confused,http://s3-eu-west-1.amazonaws.com/lg-dic/36660.mp3
naoidheamh deug,a nineteenth,http://s3-eu-west-1.amazonaws.com/lg-dic/16357.mp3
Dihaoine (Dih)(masc.),Friday,http://s3-eu-west-1.amazonaws.com/lg-dic/9822.mp3
fear-taighe(masc.),husband,None
àrd-fhuaimneach,loud,None
naochad(masc.),ninety (90),http://s3-eu-west-1.amazonaws.com/lg-dic/31392.mp3
caomhnach(masc.),friend,http://s3-eu-west-1.amazonaws.com/lg-dic/42813.mp3
tha mi agad a-nis,;I understand you now;I recognise you now,http://s3-eu-west-1.amazonaws.com/lg-dic/21138.mp3
gràdh(masc.),love,http://s3-eu-west-1.amazonaws.com/lg-dic/31276.mp3
chan,no, not,http://s3-eu-west-1.amazonaws.com/lg-dic/23061.mp3
beulaibh(masc.),front,http://s3-eu-west-1.amazonaws.com/lg-dic/30272.mp3
eigh(fem.),ice,http://s3-eu-west-1.amazonaws.com/lg-dic/10643.mp3
ìseal,low,http://s3-eu-west-1.amazonaws.com/lg-dic/13659.mp3
bàrr-reult(fem.),North(ern) Star, Polaris, Pole Star,http://s3-eu-west-1.amazonaws.com/lg-dic/39429.mp3
geama(masc.),game,http://s3-eu-west-1.amazonaws.com/lg-dic/25359.mp3
ìomhachd(fem.),;image;countenance,http://s3-eu-west-1.amazonaws.com/lg-dic/34472.mp3
lòn(masc.),;food, provisions, repast, sustenance, victual;lunch,http://s3-eu-west-1.amazonaws.com/lg-dic/31921.mp3
sròn(fem.),;nose, snout, trunk;promontory;snout (of a glacier);toe (of a shoe),http://s3-eu-west-1.amazonaws.com/lg-dic/19824.mp3
lios(masc.),;garden;yard,http://s3-eu-west-1.amazonaws.com/lg-dic/27330.mp3
òirleach(fem.),inch (measure),http://s3-eu-west-1.amazonaws.com/lg-dic/16721.mp3
iris(fem.),;magazine;periodical;(written) record,http://s3-eu-west-1.amazonaws.com/lg-dic/26238.mp3
pong(masc.),note (in music),http://s3-eu-west-1.amazonaws.com/lg-dic/17136.mp3
lot(masc.),;injury, wound;sore,http://s3-eu-west-1.amazonaws.com/lg-dic/29791.mp3
fireann(masc.),male,http://s3-eu-west-1.amazonaws.com/lg-dic/58864.mp3
am mìos dubh,November,http://s3-eu-west-1.amazonaws.com/lg-dic/22994.mp3
tìodhlac(masc.),;gift, present;donation,http://s3-eu-west-1.amazonaws.com/lg-dic/22042.mp3
pòcaid-achlais(fem.),inside breast pocket,None
fear(masc.),;man;a, one (of grammatically or biologically male entities),http://s3-eu-west-1.amazonaws.com/lg-dic/11232.mp3
niùclasach,nuclear,http://s3-eu-west-1.amazonaws.com/lg-dic/26675.mp3
caile(fem.),girl, lass,http://s3-eu-west-1.amazonaws.com/lg-dic/39711.mp3
ionnsramaid(fem.),instrument,http://s3-eu-west-1.amazonaws.com/lg-dic/25887.mp3
manaidsear(masc.),;manager;(pl.) management,http://s3-eu-west-1.amazonaws.com/lg-dic/15204.mp3
uiread(masc.),;number, quantity;(so/as) much/many;times (in mathematics),None
gloine(fem.),;glass (crockery);glass,http://s3-eu-west-1.amazonaws.com/lg-dic/12739.mp3
coimhearsnachd eileanach,island community,http://s3-eu-west-1.amazonaws.com/lg-dic/50765.mp3
mapa(masc.),map,http://s3-eu-west-1.amazonaws.com/lg-dic/15274.mp3
cuan(masc.),;ocean;(arch.) bay, inlet,http://s3-eu-west-1.amazonaws.com/lg-dic/8214.mp3
dìosg,;go barren;go dry creak,http://s3-eu-west-1.amazonaws.com/lg-dic/31040.mp3
tha e mu thàmh,;it is all quiet/peaceful;he is resting,http://s3-eu-west-1.amazonaws.com/lg-dic/20594.mp3
meàrrs,march,None
An Dàmhair (Dàmh.)(fem.),October (Oct.),http://s3-eu-west-1.amazonaws.com/lg-dic/2008.mp3
An Nì Math,God,http://s3-eu-west-1.amazonaws.com/lg-dic/32043.mp3
Am Faoilleach (Faoi.)(masc.),January (Jan.),http://s3-eu-west-1.amazonaws.com/lg-dic/1666.mp3
margaid(fem.),market,http://s3-eu-west-1.amazonaws.com/lg-dic/26294.mp3
oifig(fem.),office,http://s3-eu-west-1.amazonaws.com/lg-dic/38244.mp3
bonn-òir(masc.),;gold coin;gold medal,http://s3-eu-west-1.amazonaws.com/lg-dic/30393.mp3
Iòb(masc.),Job (in the Bible),http://s3-eu-west-1.amazonaws.com/lg-dic/13497.mp3
loidhne phòsta,marriage line (knitting pattern),http://s3-eu-west-1.amazonaws.com/lg-dic/29697.mp3
ola(fem.),oil,http://s3-eu-west-1.amazonaws.com/lg-dic/16927.mp3
bathar(masc.),good(s), merchandise, product(s), ware(s),http://s3-eu-west-1.amazonaws.com/lg-dic/27277.mp3
sùgh(masc.),;juice;sap;jus,http://s3-eu-west-1.amazonaws.com/lg-dic/25998.mp3
do,past tense particle, e.g.cha do phòs miI did not marry,http://s3-eu-west-1.amazonaws.com/lg-dic/33761.mp3
sean,old,http://s3-eu-west-1.amazonaws.com/lg-dic/18693.mp3
seanair(masc.),grandfather,http://s3-eu-west-1.amazonaws.com/lg-dic/31313.mp3
am mìos buidhe,July,http://s3-eu-west-1.amazonaws.com/lg-dic/22993.mp3
stuthach,material,http://s3-eu-west-1.amazonaws.com/lg-dic/24329.mp3
sean,old,http://s3-eu-west-1.amazonaws.com/lg-dic/18693.mp3
seanmhair(fem.),grandmother, grandma,http://s3-eu-west-1.amazonaws.com/lg-dic/23057.mp3
rach à cochall do chridhe leis an eagal,jump out of your skin (with fear),http://s3-eu-west-1.amazonaws.com/lg-dic/17302.mp3
An Cèitean (Cèit.)(masc.),May,http://s3-eu-west-1.amazonaws.com/lg-dic/1928.mp3
aon(masc.),;one (number);same;sole,http://s3-eu-west-1.amazonaws.com/lg-dic/2667.mp3
feur(masc.),grass (poaceae/gramineae),http://s3-eu-west-1.amazonaws.com/lg-dic/11384.mp3
An t-Ògmhios(masc.),June (Jun.),http://s3-eu-west-1.amazonaws.com/lg-dic/2363.mp3
spìocach,mean, miserly, stingy,http://s3-eu-west-1.amazonaws.com/lg-dic/32291.mp3
fosgailte,;open;opened;freely (in music),http://s3-eu-west-1.amazonaws.com/lg-dic/11752.mp3
liath,;make grey;become grey,http://s3-eu-west-1.amazonaws.com/lg-dic/44887.mp3
iuchair(fem.),key,http://s3-eu-west-1.amazonaws.com/lg-dic/13702.mp3
lèigh(fem.),medicine,http://s3-eu-west-1.amazonaws.com/lg-dic/42353.mp3
oraindsear(masc.),orange,http://s3-eu-west-1.amazonaws.com/lg-dic/38383.mp3
uaine,green,None
leag am ball,kill the ball (in sports),http://s3-eu-west-1.amazonaws.com/lg-dic/36515.mp3
co-leagh,;melt together, amalgamate;fuse,http://s3-eu-west-1.amazonaws.com/lg-dic/56097.mp3
oraindsear(masc.),orange,http://s3-eu-west-1.amazonaws.com/lg-dic/38383.mp3
bun-adhbhar(masc.),ground(s),http://s3-eu-west-1.amazonaws.com/lg-dic/8860.mp3
cileagram (kg)(masc.),kilo, kilogramme (kg),http://s3-eu-west-1.amazonaws.com/lg-dic/6805.mp3
meatailt(fem.),metal,http://s3-eu-west-1.amazonaws.com/lg-dic/26378.mp3
taobh a-muigh,outside,http://s3-eu-west-1.amazonaws.com/lg-dic/1832.mp3
flagaich,;grow flaccid;loosen, slacken,http://s3-eu-west-1.amazonaws.com/lg-dic/58185.mp3
rìgh(masc.),;king;(pl.) Kings (in Bible),None
meidheadair(masc.),;meter;gauge,http://s3-eu-west-1.amazonaws.com/lg-dic/26390.mp3
comhair na duilleige,page orientation,http://s3-eu-west-1.amazonaws.com/lg-dic/31116.mp3
gunna(masc.),gun,http://s3-eu-west-1.amazonaws.com/lg-dic/31178.mp3
pòg(fem.),kiss,http://s3-eu-west-1.amazonaws.com/lg-dic/17084.mp3
sionnachan-mara(masc.),milk(y) sea,http://s3-eu-west-1.amazonaws.com/lg-dic/40347.mp3
dubh(masc.),;black;blackness;darkness;ink;pupil (of the eye),http://s3-eu-west-1.amazonaws.com/lg-dic/49271.mp3
crè(fem.),clay,http://s3-eu-west-1.amazonaws.com/lg-dic/41799.mp3
galar(masc.),disease, illness,http://s3-eu-west-1.amazonaws.com/lg-dic/31183.mp3
bun-ìre(fem.),;basic level;positive (in linguistics, i.e. citation form of an adjective),http://s3-eu-west-1.amazonaws.com/lg-dic/55002.mp3
dall,;blind;obscure,http://s3-eu-west-1.amazonaws.com/lg-dic/31680.mp3
air a bhearradh gu lom,clean(ly) shaven,http://s3-eu-west-1.amazonaws.com/lg-dic/41293.mp3
dotair(masc.),doctor,http://s3-eu-west-1.amazonaws.com/lg-dic/10054.mp3
inbheach(masc.),adult, grown-up,http://s3-eu-west-1.amazonaws.com/lg-dic/13419.mp3
fuil(fem.),blood,http://s3-eu-west-1.amazonaws.com/lg-dic/11877.mp3
air a bhearradh gu lom,clean(ly) shaven,http://s3-eu-west-1.amazonaws.com/lg-dic/41293.mp3
cù(masc.),;dog;(withdef. art.) Epsilon/Alnilam (epsilon Orionis),http://s3-eu-west-1.amazonaws.com/lg-dic/8183.mp3
feasgar (f)(masc.),;afternoon;p.m.;;;00-;800 Vespers,http://s3-eu-west-1.amazonaws.com/lg-dic/11274.mp3
gorm,;blue;green;green, inexperienced, wet (behind the ears),http://s3-eu-west-1.amazonaws.com/lg-dic/2.mp3
gleoc(masc.),clock,http://s3-eu-west-1.amazonaws.com/lg-dic/31456.mp3
dolar(masc.),dollar ($),http://s3-eu-west-1.amazonaws.com/lg-dic/37908.mp3
adhar(masc.),air,http://s3-eu-west-1.amazonaws.com/lg-dic/32462.mp3
bàta(masc.),boat, craft,http://s3-eu-west-1.amazonaws.com/lg-dic/3315.mp3
druid,close, shut,http://s3-eu-west-1.amazonaws.com/lg-dic/10128.mp3
dorast(masc.),door,None
port-adhair(masc.),airport,http://s3-eu-west-1.amazonaws.com/lg-dic/17167.mp3
corp(masc.),body,http://s3-eu-west-1.amazonaws.com/lg-dic/31655.mp3
cearb(fem.),;defect, fault, imperfection;rag, tatter;piece of cloth;pendant, appendix;tail (of clothing);edge,http://s3-eu-west-1.amazonaws.com/lg-dic/39173.mp3
dotag(fem.),dot,http://s3-eu-west-1.amazonaws.com/lg-dic/24746.mp3
beò,;alive, live, living;lively;vivid;vital;quick,http://s3-eu-west-1.amazonaws.com/lg-dic/3527.mp3
cnàimh(masc.),bone,http://s3-eu-west-1.amazonaws.com/lg-dic/31634.mp3
caman(masc.),;club, stick;shinty stick, sports club;quaver (in music),http://s3-eu-west-1.amazonaws.com/lg-dic/29269.mp3
a-stàn,down(wards),http://s3-eu-west-1.amazonaws.com/lg-dic/51307.mp3
ainmhidh(masc.),;animal;beast of burden,http://s3-eu-west-1.amazonaws.com/lg-dic/23361.mp3
leabhar(masc.),;book;volume,http://s3-eu-west-1.amazonaws.com/lg-dic/9.mp3
còta(masc.),coat,http://s3-eu-west-1.amazonaws.com/lg-dic/7881.mp3
co-tharraing(fem.),draw (in sports),http://s3-eu-west-1.amazonaws.com/lg-dic/43307.mp3
àras(masc.),;abode;apartment,http://s3-eu-west-1.amazonaws.com/lg-dic/31019.mp3
botal(masc.),bottle,http://s3-eu-west-1.amazonaws.com/lg-dic/4275.mp3
cofaidh(masc.),coffee,http://s3-eu-west-1.amazonaws.com/lg-dic/7358.mp3
chan eil agad ach bruadar!,dream on,http://s3-eu-west-1.amazonaws.com/lg-dic/6141.mp3
ubhal(masc.),apple,None
màs(masc.),;bottom, behind;bottom (e.g. of a barrel);buttock (of beef; Scottish cut);rump (of beef; English cut),http://s3-eu-west-1.amazonaws.com/lg-dic/15414.mp3
fuar,cold,http://s3-eu-west-1.amazonaws.com/lg-dic/11851.mp3
dreasa(fem.),dress,http://s3-eu-west-1.amazonaws.com/lg-dic/10083.mp3
An Giblean(masc.),April,http://s3-eu-west-1.amazonaws.com/lg-dic/36930.mp3
bugsa(masc.),box,http://s3-eu-west-1.amazonaws.com/lg-dic/53532.mp3
dath(masc.),;colour;dye, pigment;hue, tint,http://s3-eu-west-1.amazonaws.com/lg-dic/9193.mp3
deoch(fem.),drink,http://s3-eu-west-1.amazonaws.com/lg-dic/9683.mp3
gàirdean(masc.),arm,http://s3-eu-west-1.amazonaws.com/lg-dic/31821.mp3
bucach(masc.),boy,http://s3-eu-west-1.amazonaws.com/lg-dic/52089.mp3
coimpiutair(masc.),computer,http://s3-eu-west-1.amazonaws.com/lg-dic/24214.mp3
iomain,;drive, herd;urge;propel,http://s3-eu-west-1.amazonaws.com/lg-dic/24784.mp3
armailt(masc.),army,http://s3-eu-west-1.amazonaws.com/lg-dic/23464.mp3
eanchainn(fem.),;brain;brains,http://s3-eu-west-1.amazonaws.com/lg-dic/10567.mp3
consan(masc.),consonant,http://s3-eu-west-1.amazonaws.com/lg-dic/31656.mp3
druga(fem.),drug,http://s3-eu-west-1.amazonaws.com/lg-dic/31124.mp3
Art(masc.),Art,http://s3-eu-west-1.amazonaws.com/lg-dic/2845.mp3
aran(masc.),bread,http://s3-eu-west-1.amazonaws.com/lg-dic/2763.mp3
cùmhnant(masc.),;contract;treaty,http://s3-eu-west-1.amazonaws.com/lg-dic/8995.mp3
seac,;dry, parch;shrink;warp;wither,http://s3-eu-west-1.amazonaws.com/lg-dic/23013.mp3
ealanaiche(masc.),artist,http://s3-eu-west-1.amazonaws.com/lg-dic/43350.mp3
bris,;break, fracture, smash;rupture;go bankrupt;disrupt;contravene;stave (in) ; violate,http://s3-eu-west-1.amazonaws.com/lg-dic/30311.mp3
còcaire(masc.),cook,http://s3-eu-west-1.amazonaws.com/lg-dic/7328.mp3
dust(masc.),dust,http://s3-eu-west-1.amazonaws.com/lg-dic/42966.mp3
ionnsaigh(fem.),;attack, charge;attempt;challenge, tackle (in sports),http://s3-eu-west-1.amazonaws.com/lg-dic/13606.mp3
bracaist(fem.),breakfast,http://s3-eu-west-1.amazonaws.com/lg-dic/29764.mp3
fionnar,;cool, fresh;chilly,http://s3-eu-west-1.amazonaws.com/lg-dic/24334.mp3
dùd(masc.),;ear tingling;blast (sound),http://s3-eu-west-1.amazonaws.com/lg-dic/39708.mp3
Lùnastal (Lùna.)(masc.),;August (Aug.);Lammas Day, Lughnasadh,http://s3-eu-west-1.amazonaws.com/lg-dic/2215.mp3
drochaid(fem.),bridge,http://s3-eu-west-1.amazonaws.com/lg-dic/10111.mp3
copar(masc.),copper,http://s3-eu-west-1.amazonaws.com/lg-dic/24338.mp3
pige-ruadh(masc.),earth(en)ware pitcher,http://s3-eu-west-1.amazonaws.com/lg-dic/54437.mp3
ùghdar(masc.),;author;composer (of a text),http://s3-eu-west-1.amazonaws.com/lg-dic/23551.mp3
bràithrich,admit to a brotherhood,http://s3-eu-west-1.amazonaws.com/lg-dic/42103.mp3
doire(masc.),corn, clavus,http://s3-eu-west-1.amazonaws.com/lg-dic/51834.mp3
ear(fem.),east,http://s3-eu-west-1.amazonaws.com/lg-dic/31727.mp3
bèibidh(masc.),baby,http://s3-eu-west-1.amazonaws.com/lg-dic/3435.mp3
donn,;brown;brown haired,http://s3-eu-west-1.amazonaws.com/lg-dic/10038.mp3
còrnair(masc.),corner,http://s3-eu-west-1.amazonaws.com/lg-dic/43348.mp3
ith làn do bhìdh,eat your fill,http://s3-eu-west-1.amazonaws.com/lg-dic/13688.mp3
cùl(masc.),back,http://s3-eu-west-1.amazonaws.com/lg-dic/29663.mp3
neartaich,;build up, make strong, strengthen;become strong,http://s3-eu-west-1.amazonaws.com/lg-dic/16417.mp3
cunnta(masc.),count (title),http://s3-eu-west-1.amazonaws.com/lg-dic/35860.mp3
oir(fem.),;edge, fringe, kerb, periphery;edge (in mathematics);extremity,http://s3-eu-west-1.amazonaws.com/lg-dic/16708.mp3
cùl(masc.),back,http://s3-eu-west-1.amazonaws.com/lg-dic/29663.mp3
aitreabh(masc.),building, complex, dwelling,http://s3-eu-west-1.amazonaws.com/lg-dic/1498.mp3
dùthaich(fem.),;country, land;countryside,http://s3-eu-west-1.amazonaws.com/lg-dic/10430.mp3
ugh(masc.),egg,None
dona,bad,http://s3-eu-west-1.amazonaws.com/lg-dic/10033.mp3
loisg,;burn (tr. &amp; intr.);fire (a gun);cremate;set off;sear;brand,http://s3-eu-west-1.amazonaws.com/lg-dic/14565.mp3
cùirt(fem.),court,http://s3-eu-west-1.amazonaws.com/lg-dic/8809.mp3
ochd(masc.),eight (used in counting if followed by a noun),http://s3-eu-west-1.amazonaws.com/lg-dic/16633.mp3
baga(masc.),bag,http://s3-eu-west-1.amazonaws.com/lg-dic/3016.mp3
bus(masc.),bus,http://s3-eu-west-1.amazonaws.com/lg-dic/4762.mp3
bò(fem.),;cow (female of domesticated cattle);cow (female of various large mammals),http://s3-eu-west-1.amazonaws.com/lg-dic/4136.mp3
ochdamh deug,an eighteenth,http://s3-eu-west-1.amazonaws.com/lg-dic/16637.mp3
bàl(masc.),;ball (toy);ball (dance),http://s3-eu-west-1.amazonaws.com/lg-dic/3151.mp3
ceannaich,buy, purchase,http://s3-eu-west-1.amazonaws.com/lg-dic/5447.mp3
domhladas(masc.),crowd,http://s3-eu-west-1.amazonaws.com/lg-dic/10029.mp3
ochdad(masc.),eighty (80),http://s3-eu-west-1.amazonaws.com/lg-dic/31391.mp3
banana(masc.),banana,http://s3-eu-west-1.amazonaws.com/lg-dic/32689.mp3
cèic(fem.),cake,http://s3-eu-west-1.amazonaws.com/lg-dic/38233.mp3
èigh(fem.),cry,http://s3-eu-west-1.amazonaws.com/lg-dic/50912.mp3
òraid taghaidh,election address,http://s3-eu-west-1.amazonaws.com/lg-dic/45622.mp3
bann(masc.),;band, bond, sash, tie;belt;bandage;hinge;waveband, wavelength;bond (in finance),http://s3-eu-west-1.amazonaws.com/lg-dic/28995.mp3
goir,;call, cry;hoot,http://s3-eu-west-1.amazonaws.com/lg-dic/12848.mp3
cupa(masc.),cup,http://s3-eu-west-1.amazonaws.com/lg-dic/9024.mp3
seac(masc.),;check;jack (in electronics),http://s3-eu-west-1.amazonaws.com/lg-dic/44537.mp3
banca(masc.),;bank (financial institution);bank (land feature),http://s3-eu-west-1.amazonaws.com/lg-dic/3210.mp3
camara(masc.),camera,http://s3-eu-west-1.amazonaws.com/lg-dic/5035.mp3
lùbte,curved,http://s3-eu-west-1.amazonaws.com/lg-dic/24477.mp3
deich(masc.),ten (;0) (eleven/twelve used(h)euge.g.aon deug),http://s3-eu-west-1.amazonaws.com/lg-dic/9652.mp3
bàr(masc.),;bar (establishment);bar (pressure);bar (object),http://s3-eu-west-1.amazonaws.com/lg-dic/3251.mp3
campa(masc.),camp,http://s3-eu-west-1.amazonaws.com/lg-dic/33097.mp3
bàrr,;cut, shave;shear;pare, prune;clip;poll,http://s3-eu-west-1.amazonaws.com/lg-dic/52496.mp3
spèird(fem.),energy, force,http://s3-eu-west-1.amazonaws.com/lg-dic/35456.mp3
seòmar-ionnlaid(masc.),bathroom,None
càr(masc.),car,http://s3-eu-west-1.amazonaws.com/lg-dic/5166.mp3
dannsa(masc.),;dance;dancing,http://s3-eu-west-1.amazonaws.com/lg-dic/9172.mp3
einnsean(masc.),engine,http://s3-eu-west-1.amazonaws.com/lg-dic/31261.mp3
murag(fem.),;beach litter, flotsam, jetsam;murex,http://s3-eu-west-1.amazonaws.com/lg-dic/26304.mp3
cairt(fem.),;card;chart;cart;charter,http://s3-eu-west-1.amazonaws.com/lg-dic/23874.mp3
dorcha,dark,http://s3-eu-west-1.amazonaws.com/lg-dic/31708.mp3
reul-fheasgair(fem.),evening star,None
feòsag(fem.),beard,http://s3-eu-west-1.amazonaws.com/lg-dic/52994.mp3
lean air,;carry on with;resume (also in technology);play on (in sports),http://s3-eu-west-1.amazonaws.com/lg-dic/14033.mp3
ceann-bliadhna(masc.),;date (year);birthday;anniversary,http://s3-eu-west-1.amazonaws.com/lg-dic/24506.mp3
eacarsaich(fem.),;exercise (physical and abstract);antic(s);(act of) fidgeting,http://s3-eu-west-1.amazonaws.com/lg-dic/25024.mp3
buille(fem.),;beat (also in music), box, blow, clap, hit, knock, punch, rap, thump;dint, tick;swipe;stroke;accent, emphasis, stress,http://s3-eu-west-1.amazonaws.com/lg-dic/30325.mp3
cat-grìosaich(masc.),;cat that sleeps by the fire;person who likes to be warm;firebug, slightly pyromaniac child,http://s3-eu-west-1.amazonaws.com/lg-dic/5325.mp3
irinn(fem.),daughter,http://s3-eu-west-1.amazonaws.com/lg-dic/43057.mp3
daor,expensive, dear,http://s3-eu-west-1.amazonaws.com/lg-dic/9177.mp3
maiseach,beautiful,http://s3-eu-west-1.amazonaws.com/lg-dic/31951.mp3
ceap,catch, intercept,http://s3-eu-west-1.amazonaws.com/lg-dic/36670.mp3
latha(masc.),;day;one day,http://s3-eu-west-1.amazonaws.com/lg-dic/13890.mp3
spreadh,;burst;explode,http://s3-eu-west-1.amazonaws.com/lg-dic/36873.mp3
leabaidh(fem.),;bed (for sleeping);channel (of a watercourse),http://s3-eu-west-1.amazonaws.com/lg-dic/31224.mp3
mullach-seòmair(masc.),ceiling,None
marbh(masc.),;dead person;(pl.) the dead,http://s3-eu-west-1.amazonaws.com/lg-dic/42239.mp3
sùil(fem.),;eye;glance, look;expectation;fancy, notion;opening (e.g. basket, creel),http://s3-eu-west-1.amazonaws.com/lg-dic/20048.mp3
seòmar-cadail(masc.),bedroom,None
cealla(masc.),cell (in general (except for church cell), including biology, computing etc. ),http://s3-eu-west-1.amazonaws.com/lg-dic/23930.mp3
fònaig,phone, call,http://s3-eu-west-1.amazonaws.com/lg-dic/11716.mp3
bodhar,deaf,http://s3-eu-west-1.amazonaws.com/lg-dic/4183.mp3
aodann(masc.),;face;front;dial;face, side (in mathematics),http://s3-eu-west-1.amazonaws.com/lg-dic/2653.mp3
mairtfheoil(fem.),beef,http://s3-eu-west-1.amazonaws.com/lg-dic/23647.mp3
ceudameatair (cm)(masc.),centimetre (cm),http://s3-eu-west-1.amazonaws.com/lg-dic/23942.mp3
aog(masc.),;death;(withdef. art.) Death;spectre,http://s3-eu-west-1.amazonaws.com/lg-dic/2320.mp3
sil,;fall, precipitate, rain, shower;dribble, drip, drop, ooze, trickle;flow;pour,http://s3-eu-west-1.amazonaws.com/lg-dic/29397.mp3
leann(masc.),beer,http://s3-eu-west-1.amazonaws.com/lg-dic/31904.mp3
sèithear(masc.),chair,http://s3-eu-west-1.amazonaws.com/lg-dic/32188.mp3
An Dùbhlachd (Dùbh.)(fem.),December (Dec.),http://s3-eu-west-1.amazonaws.com/lg-dic/2063.mp3
sil,;fall, precipitate, rain, shower;dribble, drip, drop, ooze, trickle;flow;pour,http://s3-eu-west-1.amazonaws.com/lg-dic/29397.mp3
car(masc.),;bend, spin, turn, twist;trick, fraud;movement,http://s3-eu-west-1.amazonaws.com/lg-dic/5167.mp3
cunnarach,cheap,http://s3-eu-west-1.amazonaws.com/lg-dic/39582.mp3
domhain,deep, profound,http://s3-eu-west-1.amazonaws.com/lg-dic/31707.mp3
teaghlach(masc.),;family;household,http://s3-eu-west-1.amazonaws.com/lg-dic/20401.mp3
càise(masc.),cheese,http://s3-eu-west-1.amazonaws.com/lg-dic/4932.mp3
daoimean(masc.),;diamond;diamond (knitting pattern);diamond (in card),http://s3-eu-west-1.amazonaws.com/lg-dic/24630.mp3
òirdheirc,;famous, illustrious;excellent, superb;glorious,None
rothair(masc.),bicycle, bike,http://s3-eu-west-1.amazonaws.com/lg-dic/32140.mp3
circfheoil(fem.),chicken meat,None
bàsaich,die, decease,http://s3-eu-west-1.amazonaws.com/lg-dic/3310.mp3
gaotharan(masc.),fan,http://s3-eu-west-1.amazonaws.com/lg-dic/25108.mp3
mòr,;big, great, large;ample, bulky;high, lofty, strapping, tall;spacious;large amount,http://s3-eu-west-1.amazonaws.com/lg-dic/23115.mp3
patach(masc.),child,http://s3-eu-west-1.amazonaws.com/lg-dic/43850.mp3
dùisg an talamh,dig up the ground,http://s3-eu-west-1.amazonaws.com/lg-dic/51838.mp3
gaotharan(masc.),fan,http://s3-eu-west-1.amazonaws.com/lg-dic/25108.mp3
bile(fem.),bill (legal document),http://s3-eu-west-1.amazonaws.com/lg-dic/52993.mp3
eaglais(fem.),church,http://s3-eu-west-1.amazonaws.com/lg-dic/10527.mp3
diathad(masc.),dinner,http://s3-eu-west-1.amazonaws.com/lg-dic/31526.mp3
tuathanas(masc.),farm(stead),http://s3-eu-west-1.amazonaws.com/lg-dic/25111.mp3
billean(masc.),billion (;,000,000,000),http://s3-eu-west-1.amazonaws.com/lg-dic/31311.mp3
iadh,;circle, enclose, encompass;wind,http://s3-eu-west-1.amazonaws.com/lg-dic/43994.mp3
slighe-stiùiridh(fem.),direction,None
latha-traisg(masc.),fast(ing) day,None
eun(masc.),bird,http://s3-eu-west-1.amazonaws.com/lg-dic/10809.mp3
cathair(fem.),city,http://s3-eu-west-1.amazonaws.com/lg-dic/54123.mp3
salach,;dirty, filthy, unclean;nasty,http://s3-eu-west-1.amazonaws.com/lg-dic/18478.mp3
